Workbook

Sheet Feedsales Statistics
B2: AFMA FEED SALES STATISTICS JAN 2022 - JUL 2022 | D2: JAN 2022 | E2: FEB 2022 | F2: MAR 2022 | G2: APR 2022 | H2: MAY 2022 | I2: JUN 2022 | J2: JUL 2022 | K2: JUL 2021 | L2: M on M % DIFF | M2: TOTAL YTD 2021/2022 | N2: TOTAL YTD 2022/2023 | O2: Y on Y % DIFF
B3: 001 | C3: Dairy Feed | D3: 74183 | E3: 67761 | F3: 75698 | G3: 71227 | H3: 76111 | I3: 74999 | J3: 0 | K3: 76072 | L3: =(J3/K3)-1 | M3: 538286 | N3: ==SUM(D3:J3) | O3: =(N3/M3)-1
B4: % GROWTH M-M | E4: ==(E3/D3)-1 | F4: ==(F3/E3)-1 | G4: ==(G3/F3)-1 | H4: ==(H3/G3)-1 | I4: ==(I3/H3)-1 | J4: ==(J3/I3)-1
B5: 038 | C5: Milk replacement | D5: 0 | E5: 0 | F5: 0 | G5: 0 | H5: 0 | I5: 0 | J5: 0 | K5: 32.6 | L5: =(J5/K5)-1 | M5: 185 | N5: ==SUM(D5:J5) | O5: =(N5/M5)-1
B6: 039 | C6: High Fat Milk Replacement | D6: 0 | E6: 0 | F6: 0 | G6: 0 | H6: 0 | I6: 0 | J6: 0 | K6: 46.38 | L6: =(J6/K6)-1 | M6: 334 | N6: ==SUM(D6:J6) | O6: =(N6/M6)-1
B7: 040 | C7: Calf Starter Meal | D7: 1507.23 | E7: 1375.33 | F7: 1666.21 | G7: 1233.84 | H7: 1392.13 | I7: 1611.24 | J7: 0 | K7: 2010.26 | L7: =(J7/K7)-1 | M7: 12906 | N7: ==SUM(D7:J7) | O7: =(N7/M7)-1
B8: 041 | C8: Calf Growth Meal | D8: 4802.59 | E8: 4265.93 | F8: 5140.84 | G8: 4868.18 | H8: 5209.67 | I8: 5018.61 | J8: 0 | K8: 5261.91 | L8: =(J8/K8)-1 | M8: 32764 | N8: ==SUM(D8:J8) | O8: =(N8/M8)-1
B9: 043 | C9: Complete Dairy Feed | D9: 11482.89 | E9: 10533.67 | F9: 11296.01 | G9: 11036.01 | H9: 13624.91 | I9: 12991.46 | J9: 0 | K9: 11610.89 | L9: =(J9/K9)-1 | M9: 92659 | N9: ==SUM(D9:J9) | O9: =(N9/M9)-1
B10: 045 | C10: Dairy Meal | D10: 56389.84 | E10: 51586.01 | F10: 57594.53 | G10: 54088.78 | H10: 55884.47 | I10: 55378 | J10: 0 | K10: 57110.11 | L10: =(J10/K10)-1 | M10: 399438 | N10: ==SUM(D10:J10) | O10: =(N10/M10)-1
B12: 002 | C12: Beef & Sheep Feed | D12: 53419 | E12: 61292 | F12: 72741 | G12: 54853 | H12: 75379 | I12: 79296 | J12: 0 | K12: 77446 | L12: =(J12/K12)-1 | M12: 505079 | N12: ==SUM(D12:J12) | O12: =(N12/M12)-1
B13: % GROWTH M-M | E13: ==(E12/D12)-1 | F13: ==(F12/E12)-1 | G13: ==(G12/F12)-1 | H13: ==(H12/G12)-1 | I13: ==(I12/H12)-1 | J13: ==(J12/I12)-1
B14: 042 | C14: Cattle Finisher | D14: 869.5 | E14: 790.57 | F14: 797.16 | G14: 738.2 | H14: 1401.55 | I14: 1346.69 | J14: 0 | K14: 1373.69 | L14: =(J14/K14)-1 | M14: 6880 | N14: ==SUM(D14:J14) | O14: =(N14/M14)-1
B15: 135 | C15: Complete Cattle Feed | D15: 6817.67 | E15: 7588.25 | F15: 7325.57 | G15: 8771.13 | H15: 8235.51 | I15: 8416.07 | J15: 0 | K15: 5931.24 | L15: =(J15/K15)-1 | M15: 37144 | N15: ==SUM(D15:J15) | O15: =(N15/M15)-1
B16: 136 | C16: Complete Sheep Feed | D16: 760.99 | E16: 1073.87 | F16: 806 | G16: 537.71 | H16: 545.13 | I16: 434.77 | J16: 0 | K16: 1389.51 | L16: =(J16/K16)-1 | M16: 7317 | N16: ==SUM(D16:J16) | O16: =(N16/M16)-1
B17: 047 | C17: Bull Rations | D17: 84.12 | E17: 201.87 | F17: 148.83 | G17: 183.14 | H17: 254.41 | I17: 85.99 | J17: 0 | K17: 390.2 | L17: =(J17/K17)-1 | M17: 1719 | N17: ==SUM(D17:J17) | O17: =(N17/M17)-1
B18: 140 | C18: Cattle Drought Feed | D18: 208.15 | E18: 135.6 | F18: 350.06 | G18: 184.47 | H18: 414.12 | I18: 165.88 | J18: 0 | K18: 177.32 | L18: =(J18/K18)-1 | M18: 1567 | N18: ==SUM(D18:J18) | O18: =(N18/M18)-1
B19: 141 | C19: Sheep Drought Feed | D19: 234.3 | E19: 102.09 | F19: 206.04 | G19: 216.62 | H19: 243.49 | I19: 435.54 | J19: 0 | K19: 334.11 | L19: =(J19/K19)-1 | M19: 4381 | N19: ==SUM(D19:J19) | O19: =(N19/M19)-1
B20: 049 | C20: Sheep Finisher | D20: 2748.83 | E20: 2910.72 | F20: 3886.35 | G20: 3903.6 | H20: 3938.4 | I20: 4008.78 | J20: 0 | K20: 4087.81 | L20: =(J20/K20)-1 | M20: 27393 | N20: ==SUM(D20:J20) | O20: =(N20/M20)-1
B21: 050 | C21: Ram, Ewe, Lamb Feed | D21: 2827.83 | E21: 3012.97 | F21: 3499.55 | G21: 3179.53 | H21: 4223.97 | I21: 4216.48 | J21: 0 | K21: 3948.44 | L21: =(J21/K21)-1 | M21: 24120 | N21: ==SUM(D21:J21) | O21: =(N21/M21)-1
B22: 051 | C22: Supplement Feeds Beef & Sheep | D22: 38867.95 | E22: 45476.3 | F22: 55721.16 | G22: 37138.2 | H22: 56122.84 | I22: 60185.4 | J22: 0 | K22: 59813.65 | L22: =(J22/K22)-1 | M22: 394558 | N22: ==SUM(D22:J22) | O22: =(N22/M22)-1
B24: 003 | C24: Pig Feed | D24: 39927 | E24: 34833 | F24: 39944 | G24: 37043 | H24: 39929 | I24: 38162 | J24: 0 | K24: 38695 | L24: =(J24/K24)-1 | M24: 241071 | N24: ==SUM(D24:J24) | O24: =(N24/M24)-1
B25: % GROWTH M-M | E25: ==(E24/D24)-1 | F25: ==(F24/E24)-1 | G25: ==(G24/F24)-1 | H25: ==(H24/G24)-1 | I25: ==(I24/H24)-1 | J25: ==(J24/I24)-1
B26: 052 | C26: Pig Creep Meal | D26: 6296.84 | E26: 5201.58 | F26: 5699.33 | G26: 5351.25 | H26: 6548.14 | I26: 6088.51 | J26: 0 | K26: 6100.93 | L26: =(J26/K26)-1 | M26: 35249 | N26: ==SUM(D26:J26) | O26: =(N26/M26)-1
B27: 053 | C27: Pig Growth Meal | D27: 19867.81 | E27: 17835.08 | F27: 21086.74 | G27: 18517.62 | H27: 20278.08 | I27: 19098.43 | J27: 0 | K27: 19164.18 | L27: =(J27/K27)-1 | M27: 118909 | N27: ==SUM(D27:J27) | O27: =(N27/M27)-1
B28: 054 | C28: Pig Finisher Meal | D28: 4112.59 | E28: 3696.88 | F28: 4198.47 | G28: 4659.02 | H28: 4489.55 | I28: 3898.96 | J28: 0 | K28: 3946.9 | L28: =(J28/K28)-1 | M28: 25682 | N28: ==SUM(D28:J28) | O28: =(N28/M28)-1
B29: 055 | C29: Sow & Boar Meal | D29: 9649.32 | E29: 8099.15 | F29: 8959.12 | G29: 8514.83 | H29: 8613.6 | I29: 9075.99 | J29: 0 | K29: 9482.99 | L29: =(J29/K29)-1 | M29: 61231 | N29: ==SUM(D29:J29) | O29: =(N29/M29)-1
B31: 004 | C31: Layer Feed | D31: 79484 | E31: 79627 | F31: 81874 | G31: 77427 | H31: 83787 | I31: 78805 | J31: 0 | K31: 86000 | L31: =(J31/K31)-1 | M31: 580511 | N31: ==SUM(D31:J31) | O31: =(N31/M31)-1
B32: % GROWTH M-M | E32: ==(E31/D31)-1 | F32: ==(F31/E31)-1 | G32: ==(G31/F31)-1 | H32: ==(H31/G31)-1 | I32: ==(I31/H31)-1 | J32: ==(J31/I31)-1
B33: 056 | C33: Poultry Laying Mash | D33: 17272.24 | E33: 16300.13 | F33: 18119.87 | G33: 16655.97 | H33: 17537.32 | I33: 17842.19 | J33: 0 | K33: 19024.36 | L33: =(J33/K33)-1 | M33: 127503 | N33: ==SUM(D33:J33) | O33: =(N33/M33)-1
B34: 057 | C34: All Mash for Layers | D34: 51677.19 | E34: 51239.29 | F34: 53294.34 | G34: 50398.54 | H34: 54441.31 | I34: 48673.23 | J34: 0 | K34: 53399.28 | L34: =(J34/K34)-1 | M34: 363539 | N34: ==SUM(D34:J34) | O34: =(N34/M34)-1
B35: 058 | C35: Poultry Growing Mash | D35: 5074.39 | E35: 4150.45 | F35: 4512.09 | G35: 4293.52 | H35: 5123.59 | I35: 5612.88 | J35: 0 | K35: 5527.48 | L35: =(J35/K35)-1 | M35: 41295 | N35: ==SUM(D35:J35) | O35: =(N35/M35)-1
B36: 059 | C36: Pullet Developer Mash | D36: 2606.28 | E36: 2325.77 | F36: 3032.21 | G36: 3169.97 | H36: 3620.28 | I36: 3531.61 | J36: 0 | K36: 3457.1 | L36: =(J36/K36)-1 | M36: 22169 | N36: ==SUM(D36:J36) | O36: =(N36/M36)-1
B37: 060 | C37: Chicken Starter Mash | D37: 2854.31 | E37: 5611.64 | F37: 2915.84 | G37: 2909.04 | H37: 3064.62 | I37: 3144.91 | J37: 0 | K37: 4591.91 | L37: =(J37/K37)-1 | M37: 26006 | N37: ==SUM(D37:J37) | O37: =(N37/M37)-1
B39: 005 | C39: Broiler Feed | D39: 239231 | E39: 223358 | F39: 256789 | G39: 233182 | H39: 255454 | I39: 256174 | J39: 0 | K39: 237085 | L39: =(J39/K39)-1 | M39: 1722694 | N39: ==SUM(D39:J39) | O39: =(N39/M39)-1
B40: % GROWTH M-M | E40: ==(E39/D39)-1 | F40: ==(F39/E39)-1 | G40: ==(G39/F39)-1 | H40: ==(H39/G39)-1 | I40: ==(I39/H39)-1 | J40: ==(J39/I39)-1
B41: 061 | C41: Broiler All Mash | D41: 178.27 | E41: 103.2 | F41: 150.1 | G41: 170.31 | H41: 166.22 | I41: 117.91 | J41: 0 | K41: 4519.2 | L41: =(J41/K41)-1 | M41: 10077 | N41: ==SUM(D41:J41) | O41: =(N41/M41)-1
B42: 062 | C42: Broiler Pre-starter Mash | D42: 15775.68 | E42: 18052.5 | F42: 16987.37 | G42: 17375.29 | H42: 20362.95 | I42: 20522.55 | J42: 0 | K42: 13477.56 | L42: =(J42/K42)-1 | M42: 92544 | N42: ==SUM(D42:J42) | O42: =(N42/M42)-1
B43: 063 | C43: Broiler Starter Mash | D43: 52041.86 | E43: 49430.36 | F43: 53941.24 | G43: 52293.87 | H43: 57432.94 | I43: 56569.3 | J43: 0 | K43: 53687.85 | L43: =(J43/K43)-1 | M43: 399844 | N43: ==SUM(D43:J43) | O43: =(N43/M43)-1
B44: 064 | C44: Broiler Grower Mash | D44: 94657.06 | E44: 83983.02 | F44: 98024.9 | G44: 86326.52 | H44: 92309.39 | I44: 92320.83 | J44: 0 | K44: 89033.97 | L44: =(J44/K44)-1 | M44: 653129 | N44: ==SUM(D44:J44) | O44: =(N44/M44)-1
B45: 065 | C45: Broiler Finisher Mash | D45: 55290.34 | E45: 50573.58 | F45: 62291.09 | G45: 53577.25 | H45: 58543.12 | I45: 61276.08 | J45: 0 | K45: 55025.86 | L45: =(J45/K45)-1 | M45: 398154 | N45: ==SUM(D45:J45) | O45: =(N45/M45)-1
B46: 150 | C46: Broiler Withdrawal Feed | D46: 21287.38 | E46: 21215.75 | F46: 25394.32 | G46: 23439.18 | H46: 26639.87 | I46: 25367.61 | J46: 0 | K46: 21340.18 | L46: =(J46/K46)-1 | M46: 168945 | N46: ==SUM(D46:J46) | O46: =(N46/M46)-1
B48: 006 | C48: Horse Feed | D48: 1718 | E48: 1704 | F48: 1854 | G48: 1845 | H48: 1846 | I48: 1572 | J48: 0 | K48: 1897 | L48: =(J48/K48)-1 | M48: 12992 | N48: ==SUM(D48:J48) | O48: =(N48/M48)-1
B49: % GROWTH M-M | E49: ==(E48/D48)-1 | F49: ==(F48/E48)-1 | G49: ==(G48/F48)-1 | H49: ==(H48/G48)-1 | I49: ==(I48/H48)-1 | J49: ==(J48/I48)-1
B50: 066 | C50: Horse Feed | D50: 1709.16 | E50: 1699.19 | F50: 1839.36 | G50: 1837.85 | H50: 1833.93 | I50: 1563.36 | J50: 0 | K50: 1882.61 | L50: =(J50/K50)-1 | M50: 12906 | N50: ==SUM(D50:J50) | O50: =(N50/M50)-1
B51: 067 | C51: Horse Feed Growth | D51: 9.2 | E51: 4.4 | F51: 14.96 | G51: 6.92 | H51: 11.8 | I51: 8.8 | J51: 0 | K51: 14.84 | L51: =(J51/K51)-1 | M51: 86 | N51: ==SUM(D51:J51) | O51: =(N51/M51)-1
B53: 007 | C53: Dog Food | D53: 81 | E53: 59 | F53: 104 | G53: 57 | H53: 91 | I53: 27 | J53: 0 | K53: 93 | L53: =(J53/K53)-1 | M53: 647 | N53: ==SUM(D53:J53) | O53: =(N53/M53)-1
B54: % GROWTH M-M | E54: ==(E53/D53)-1 | F54: ==(F53/E53)-1 | G54: ==(G53/F53)-1 | H54: ==(H53/G53)-1 | I54: ==(I53/H53)-1 | J54: ==(J53/I53)-1
B55: 068 | C55: Dog Feed Dry | D55: 81.31 | E55: 59.03 | F55: 104.44 | G55: 56.86 | H55: 90.8 | I55: 26.66 | J55: 0 | K55: 92.77 | L55: =(J55/K55)-1 | M55: 647 | N55: ==SUM(D55:J55) | O55: =(N55/M55)-1
B56: 069 | C56: Dog Feed Canned | D56: 0 | E56: 0 | F56: 0 | G56: 0 | H56: 0 | I56: 0 | J56: 0 | K56: 0 | L56: =(J56/K56)-1 | M56: 0 | N56: ==SUM(D56:J56) | O56: =(N56/M56)-1
B57: 071 | C57: Dog Feed Semi-Dry | D57: 0 | E57: 0 | F57: 0 | G57: 0 | H57: 0 | I57: 0 | J57: 0 | K57: 0 | L57: =(J57/K57)-1 | M57: 0 | N57: ==SUM(D57:J57) | O57: =(N57/M57)-1
B59: 008 | C59: Other Feed | D59: 1210 | E59: 1009 | F59: 1012 | G59: 981 | H59: 1313 | I59: 1164 | J59: 0 | K59: 957 | L59: =(J59/K59)-1 | M59: 5781 | N59: ==SUM(D59:J59) | O59: =(N59/M59)-1
B60: % GROWTH M-M | E60: ==(E59/D59)-1 | F60: ==(F59/E59)-1 | G60: ==(G59/F59)-1 | H60: ==(H59/G59)-1 | I60: ==(I59/H59)-1 | J60: ==(J59/I59)-1
B61: 110 | C61: Ducks | D61: 35.21 | E61: 26.65 | F61: 28.12 | G61: 33.38 | H61: 31.14 | I61: 36.25 | J61: 0 | K61: 33.12 | L61: =(J61/K61)-1 | M61: 379 | N61: ==SUM(D61:J61) | O61: =(N61/M61)-1
B62: 111 | C62: Turkeys, quails and pheasants | D62: 0 | E62: 0 | F62: 2 | G62: 0 | H62: 1.7 | I62: 4 | J62: 0 | K62: 0 | L62: =(J62/K62)-1 | M62: 4 | N62: ==SUM(D62:J62) | O62: =(N62/M62)-1
B63: 112 | C63: Mixed Poultry Grain | D63: 710.25 | E63: 535.01 | F63: 675.56 | G63: 460.17 | H63: 895.91 | I63: 717.59 | J63: 0 | K63: 544.64 | L63: =(J63/K63)-1 | M63: 3936 | N63: ==SUM(D63:J63) | O63: =(N63/M63)-1
B64: 119 | C64: Pigeons | D64: 6.99 | E64: 6.85 | F64: 5.47 | G64: 2.74 | H64: 9.4 | I64: 6.51 | J64: 0 | K64: 7.96 | L64: =(J64/K64)-1 | M64: 71 | N64: ==SUM(D64:J64) | O64: =(N64/M64)-1
B65: 120 | C65: Other Pets | D65: 429.84 | E65: 410.06 | F65: 255.73 | G65: 417.83 | H65: 340.22 | I65: 352 | J65: 0 | K65: 348.25 | L65: =(J65/K65)-1 | M65: 1241 | N65: ==SUM(D65:J65) | O65: =(N65/M65)-1
B66: 125 | C66: Laboratory Animal Feed | D66: 22 | E66: 25.31 | F66: 38.28 | G66: 64.39 | H66: 25.34 | I66: 33.04 | J66: 0 | K66: 22.72 | L66: =(J66/K66)-1 | M66: 150 | N66: ==SUM(D66:J66) | O66: =(N66/M66)-1
B67: 113 | C67: Other Game birds | D67: 6.1 | E67: 4.8 | F67: 6.35 | G67: 2.9 | H67: 9.75 | I67: 14.9 | J67: 0 | K67: 0 | L67: =(J67/K67)-1 | M67: 0 | N67: ==SUM(D67:J67) | O67: =(N67/M67)-1
B69: 009 | C69: Maize-free Feed | D69: 11097 | E69: 10150 | F69: 11821 | G69: 10511 | H69: 14975 | I69: 15345 | J69: 0 | K69: 14335 | L69: =(J69/K69)-1 | M69: 98234 | N69: ==SUM(D69:J69) | O69: =(N69/M69)-1
B70: % GROWTH M-M | E70: ==(E69/D69)-1 | F70: ==(F69/E69)-1 | G70: ==(G69/F69)-1 | H70: ==(H69/G69)-1 | I70: ==(I69/H69)-1 | J70: ==(J69/I69)-1
B71: 073 | C71: Pigs | D71: 1686.55 | E71: 1871.06 | F71: 1604.71 | G71: 1814.46 | H71: 1604.31 | I71: 1626.68 | J71: 0 | K71: 1923.84 | L71: =(J71/K71)-1 | M71: 14961 | N71: ==SUM(D71:J71) | O71: =(N71/M71)-1
B72: 085 | C72: Beef finisher | D72: 2894.24 | E72: 3025.65 | F72: 3319.27 | G72: 2519.27 | H72: 3564.8 | I72: 4243.93 | J72: 0 | K72: 5417.63 | L72: =(J72/K72)-1 | M72: 28761 | N72: ==SUM(D72:J72) | O72: =(N72/M72)-1
B73: 086 | C73: Broilers | D73: 91 | E73: 71.47 | F73: 104.39 | G73: 102.56 | H73: 95.02 | I73: 125.31 | J73: 0 | K73: 287.27 | L73: =(J73/K73)-1 | M73: 2360 | N73: ==SUM(D73:J73) | O73: =(N73/M73)-1
B74: 087 | C74: Dairy with urea | D74: 538.17 | E74: 482.41 | F74: 427.15 | G74: 602.39 | H74: 957.54 | I74: 494.2 | J74: 0 | K74: 636.28 | L74: =(J74/K74)-1 | M74: 3954 | N74: ==SUM(D74:J74) | O74: =(N74/M74)-1
B75: 088 | C75: Dairy without urea | D75: 188.31 | E75: 123.44 | F75: 174.91 | G75: 202.18 | H75: 165.17 | I75: 157.14 | J75: 0 | K75: 256.17 | L75: =(J75/K75)-1 | M75: 1742 | N75: ==SUM(D75:J75) | O75: =(N75/M75)-1
B76: 089 | C76: Sheep finisher | D76: 1201.05 | E76: 1689.82 | F76: 2634.46 | G76: 1634.78 | H76: 2363.82 | I76: 2290.87 | J76: 0 | K76: 1786.99 | L76: =(J76/K76)-1 | M76: 13402 | N76: ==SUM(D76:J76) | O76: =(N76/M76)-1
B77: 090 | C77: Layers | D77: 2350.98 | E77: 1786.13 | F77: 2148.03 | G77: 2308.77 | H77: 4986.76 | I77: 5019.97 | J77: 0 | K77: 2513.39 | L77: =(J77/K77)-1 | M77: 18570 | N77: ==SUM(D77:J77) | O77: =(N77/M77)-1
B78: 091 | C78: Ostriches | D78: 0 | E78: 0 | F78: 0 | G78: 0 | H78: 0 | I78: 0 | J78: 0 | K78: 393.08 | L78: =(J78/K78)-1 | M78: 445 | N78: ==SUM(D78:J78) | O78: =(N78/M78)-1
B79: 092 | C79: Horses | D79: 0 | E79: 0 | F79: 0 | G79: 0 | H79: 0 | I79: 0 | J79: 0 | K79: 0 | L79: =(J79/K79)-1 | M79: 337 | N79: ==SUM(D79:J79) | O79: =(N79/M79)-1
B80: 093 | C80: Ruminants - Other | D80: 558.9 | E80: 662.95 | F80: 864.83 | G80: 736.71 | H80: 681.99 | I80: 873.32 | J80: 0 | K80: 1065.54 | L80: =(J80/K80)-1 | M80: 5393 | N80: ==SUM(D80:J80) | O80: =(N80/M80)-1
B81: 075 | C81: Other maize-free feed | D81: 1587.36 | E81: 437.49 | F81: 542.92 | G81: 590.26 | H81: 555.44 | I81: 513.98 | J81: 0 | K81: 55.27 | L81: =(J81/K81)-1 | M81: 8309 | N81: ==SUM(D81:J81) | O81: =(N81/M81)-1
B83: 010 | C83: Breeder Feed | D83: 47713 | E83: 38754 | F83: 52571 | G83: 49264 | H83: 49659 | I83: 52812 | J83: 0 | K83: 42596 | L83: =(J83/K83)-1 | M83: 301263 | N83: ==SUM(D83:J83) | O83: =(N83/M83)-1
B84: % GROWTH M-M | E84: ==(E83/D83)-1 | F84: ==(F83/E83)-1 | G84: ==(G83/F83)-1 | H84: ==(H83/G83)-1 | I84: ==(I83/H83)-1 | J84: ==(J83/I83)-1
B85: 076 | C85: Chicken Starter Mash | D85: 2099.43 | E85: 1908.48 | F85: 3442.22 | G85: 1889.95 | H85: 2614.54 | I85: 2173.91 | J85: 0 | K85: 1821.14 | L85: =(J85/K85)-1 | M85: 16617 | N85: ==SUM(D85:J85) | O85: =(N85/M85)-1
B86: 077 | C86: Pullet Developer Mash | D86: 4673.17 | E86: 2328.38 | F86: 870.88 | G86: 1020.76 | H86: 1115.18 | I86: 1335.87 | J86: 0 | K86: 769.73 | L86: =(J86/K86)-1 | M86: 18459 | N86: ==SUM(D86:J86) | O86: =(N86/M86)-1
B87: 078 | C87: Poultry Growing Mash | D87: 4242.52 | E87: 5685.74 | F87: 7986.09 | G87: 8061.85 | H87: 8478.51 | I87: 8926.85 | J87: 0 | K87: 7676.89 | L87: =(J87/K87)-1 | M87: 58847 | N87: ==SUM(D87:J87) | O87: =(N87/M87)-1
B88: 079 | C88: All Mash for Layers | D88: 36698.34 | E88: 28831.42 | F88: 40271.33 | G88: 38291.45 | H88: 37450.4 | I88: 40375.36 | J88: 0 | K88: 32328.09 | L88: =(J88/K88)-1 | M88: 207340 | N88: ==SUM(D88:J88) | O88: =(N88/M88)-1
B90: 011 | C90: Aquaculture Feed | D90: 754 | E90: 636 | F90: 814 | G90: 599 | H90: 655 | I90: 603 | J90: 0 | K90: 856 | L90: =(J90/K90)-1 | M90: 3187 | N90: ==SUM(D90:J90) | O90: =(N90/M90)-1
B91: % GROWTH M-M | E91: ==(E90/D90)-1 | F91: ==(F90/E90)-1 | G91: ==(G90/F90)-1 | H91: ==(H90/G90)-1 | I91: ==(I90/H90)-1 | J91: ==(J90/I90)-1
B92: 095 | C92: Aquaculture Feed | D92: 754.14 | E92: 635.75 | F92: 814 | G92: 598.9 | H92: 655.32 | I92: 602.5 | J92: 0 | K92: 856.26 | L92: =(J92/K92)-1 | M92: 3187 | N92: ==SUM(D92:J92) | O92: =(N92/M92)-1
B94: 012 | C94: Ostrich Feed | D94: 1098 | E94: 835 | F94: 1009 | G94: 712 | H94: 724 | I94: 821 | J94: 0 | K94: 473 | L94: =(J94/K94)-1 | M94: 6132 | N94: ==SUM(D94:J94) | O94: =(N94/M94)-1
B95: % GROWTH M-M | E95: ==(E94/D94)-1 | F95: ==(F94/E94)-1 | G95: ==(G94/F94)-1 | H95: ==(H94/G94)-1 | I95: ==(I94/H94)-1 | J95: ==(J94/I94)-1
B96: 101 | C96: Starter & Prestarter | D96: 744.35 | E96: 554.45 | F96: 527.75 | G96: 291.6 | H96: 137.2 | I96: 136 | J96: 0 | K96: 79.36 | L96: =(J96/K96)-1 | M96: 2837 | N96: ==SUM(D96:J96) | O96: =(N96/M96)-1
B97: 102 | C97: Growing Mash | D97: 235.53 | E97: 171.56 | F97: 324.57 | G97: 293.79 | H97: 405.61 | I97: 372.5 | J97: 0 | K97: 261.32 | L97: =(J97/K97)-1 | M97: 2455 | N97: ==SUM(D97:J97) | O97: =(N97/M97)-1
B98: 103 | C98: Breeding Mash | D98: 8.4 | E98: 2 | F98: 4.83 | G98: 7.65 | H98: 60.75 | I98: 92.6 | J98: 0 | K98: 32.41 | L98: =(J98/K98)-1 | M98: 175 | N98: ==SUM(D98:J98) | O98: =(N98/M98)-1
B99: 104 | C99: Maintenance Mash | D99: 110.09 | E99: 106.8 | F99: 151.62 | G99: 118.69 | H99: 120.68 | I99: 220.1 | J99: 0 | K99: 99.55 | L99: =(J99/K99)-1 | M99: 665 | N99: ==SUM(D99:J99) | O99: =(N99/M99)-1
B101: 014 | C101: Concentrate/Supplement | D101: 1459 | E101: 147 | F101: 142 | G101: 1 | H101: 102 | I101: 163 | J101: 0 | K101: 113 | L101: =(J101/K101)-1 | M101: 560 | N101: ==SUM(D101:J101) | O101: =(N101/M101)-1
B102: % GROWTH M-M | E102: ==(E101/D101)-1 | F102: ==(F101/E101)-1 | G102: ==(G101/F101)-1 | H102: ==(H101/G101)-1 | I102: ==(I101/H101)-1 | J102: ==(J101/I101)-1
B103: 201 | C103: Concentrate/supplement | D103: 1458.63 | E103: 146.72 | F103: 141.9 | G103: 1 | H103: 102.28 | I103: 162.84 | J103: 0 | K103: 113.36 | L103: =(J103/K103)-1 | M103: 560 | N103: ==SUM(D103:J103) | O103: =(N103/M103)-1
B105: 118 | C105: Rabbit Feed | D105: 153 | E105: 158 | F105: 205 | G105: 138 | H105: 129 | I105: 126 | J105: 0 | K105: 155 | L105: =(J105/K105)-1 | M105: 1022 | N105: ==SUM(D105:J105) | O105: =(N105/M105)-1
B106: % GROWTH M-M | E106: ==(E105/D105)-1 | F106: ==(F105/E105)-1 | G106: ==(G105/F105)-1 | H106: ==(H105/G105)-1 | I106: ==(I105/H105)-1 | J106: ==(J105/I105)-1
B107: 118 | C107: Rabbit Feed | D107: 152.59 | E107: 158.27 | F107: 204.73 | G107: 138 | H107: 128.99 | I107: 126.16 | J107: 0 | K107: 154.78 | L107: =(J107/K107)-1 | M107: 1022 | N107: ==SUM(D107:J107) | O107: =(N107/M107)-1
B109: 130 | C109: Game Feed | D109: 1176 | E109: 1321 | F109: 1608 | G109: 1505 | H109: 1776 | I109: 1588 | J109: 0 | K109: 2621 | L109: =(J109/K109)-1 | M109: 13365 | N109: ==SUM(D109:J109) | O109: =(N109/M109)-1
B110: % GROWTH M-M | E110: ==(E109/D109)-1 | F110: ==(F109/E109)-1 | G110: ==(G109/F109)-1 | H110: ==(H109/G109)-1 | I110: ==(I109/H109)-1 | J110: ==(J109/I109)-1
B111: 130 | C111: Game Feed | D111: 1175.81 | E111: 1321.06 | F111: 1608 | G111: 1505.06 | H111: 1775.81 | I111: 1588.15 | J111: 0 | K111: 2621.44 | L111: =(J111/K111)-1 | M111: 13365 | N111: ==SUM(D111:J111) | O111: =(N111/M111)-1
B113: TOTALS 2022/2023 | D113: 552703 | E113: 521644 | F113: 598184 | G113: 539345 | H113: 601932 | I113: 601657 | J113: 0 | K113: 579395 | L113: =(K113/J113)-1 | M113: 4030823 | N113: ==SUM(D113:J113) | O113: =(N113/M113)-1
B114: % GROWTH M-M | E114: ==(E113/D113)-1 | F114: ==(F113/E113)-1 | G114: ==(G113/F113)-1 | H114: ==(H113/G113)-1 | I114: ==(I113/H113)-1 | J114: ==(J113/I113)-1

Sheet Raw Material Statistics
B2: AFMA - RAW MATERIAL USAGE JAN 2022 - JUL 2022 | D2: TOTAL TONS | E2: % MAKEUP IN FEEDS | F2: JAN 2022 | G2: FEB 2022 | H2: MAR 2022 | I2: APR 2022 | J2: MAY 2022 | K2: JUN 2022 | L2: JUL 2022
B3: 606 | C3: Additives | D3: ==SUM(F3:L3) | E3: ==(D3/D111) | F3: 351.97 | G3: 291.91 | H3: 268.58 | I3: 142.96 | J3: 140.97 | K3: 195.92 | L3: 0
B4: 607 | C4: Amino Acids (not listed) | D4: ==SUM(F4:L4) | E4: ==(D4/D111) | F4: 101.72 | G4: 101.16 | H4: 128.75 | I4: 102.25 | J4: 106.55 | K4: 164.54 | L4: 0
B5: 613 | C5: Ammonium chloride | D5: ==SUM(F5:L5) | E5: ==(D5/D111) | F5: 177.4 | G5: 156.77 | H5: 193.71 | I5: 97.32 | J5: 212.47 | K5: 182.94 | L5: 0
B6: 553 | C6: Ammonium sulphate | D6: ==SUM(F6:L6) | E6: ==(D6/D111) | F6: 334.31 | G6: 556.88 | H6: 713.93 | I6: 635.31 | J6: 768.03 | K6: 781.32 | L6: 0
B7: 557 | C7: Apple pomace | D7: ==SUM(F7:L7) | E7: ==(D7/D111) | F7: 3.05 | G7: 3.04 | H7: 0.05 | I7: 3.06 | J7: 0.06 | K7: 3.07 | L7: 0
B8: 524 | C8: Bagasse | D8: ==SUM(F8:L8) | E8: ==(D8/D111) | F8: 6139 | G8: 7284 | H8: 9179.1 | I8: 5370 | J8: 8959.2 | K8: 11043.1 | L8: 0
B9: 551 | C9: Barley (All) | D9: ==SUM(F9:L9) | E9: ==(D9/D111) | F9: 8041.65 | G9: 5360.08 | H9: 4525.7 | I9: 3319.41 | J9: 3379.19 | K9: 2158.53 | L9: 0
B10: 501 | C10: Blended oil | D10: ==SUM(F10:L10) | E10: ==(D10/D111) | F10: 2793.11 | G10: 2596.56 | H10: 2808.16 | I10: 2718.17 | J10: 2900.93 | K10: 2227.31 | L10: 0
B11: 619 | C11: Blood meal (bovine) - Imported | D11: ==SUM(F11:L11) | E11: ==(D11/D111) | F11: 0 | G11: 0 | H11: 0 | I11: 0 | J11: 0 | K11: 0 | L11: 0
B12: 618 | C12: Blood meal (bovine) - Local | D12: ==SUM(F12:L12) | E12: ==(D12/D111) | F12: 9.73 | G12: 15 | H12: 20.5 | I12: 4 | J12: 4 | K12: 10 | L12: 0
B13: 621 | C13: Blood meal (porcine) - Imported | D13: ==SUM(F13:L13) | E13: ==(D13/D111) | F13: 0 | G13: 0 | H13: 0 | I13: 0 | J13: 0 | K13: 0 | L13: 0
B14: 620 | C14: Blood meal (porcine) - Local | D14: ==SUM(F14:L14) | E14: ==(D14/D111) | F14: 0 | G14: 0 | H14: 0 | I14: 0 | J14: 0 | K14: 0 | L14: 0
B15: 503 | C15: Blood meal (poultry) - Imported | D15: ==SUM(F15:L15) | E15: ==(D15/D111) | F15: 701.66 | G15: 769.03 | H15: 660.92 | I15: 713.4 | J15: 835.18 | K15: 637.44 | L15: 0
B16: 610 | C16: Blood meal (poultry) - Local | D16: ==SUM(F16:L16) | E16: ==(D16/D111) | F16: 1.87 | G16: 0.04 | H16: 34 | I16: 2.91 | J16: 6.1 | K16: 0.1 | L16: 0
B17: 504 | C17: Brewers grain | D17: ==SUM(F17:L17) | E17: ==(D17/D111) | F17: 904 | G17: 843.56 | H17: 1108.55 | I17: 572.97 | J17: 751.36 | K17: 730.11 | L17: 0
B18: 558 | C18: Canola fullfat | D18: ==SUM(F18:L18) | E18: ==(D18/D111) | F18: 0 | G18: 36 | H18: 0 | I18: 28 | J18: 0 | K18: 0 | L18: 0
B19: 614 | C19: Canola oil | D19: ==SUM(F19:L19) | E19: ==(D19/D111) | F19: 0 | G19: 25 | H19: 107 | I19: 25 | J19: 34 | K19: 29.62 | L19: 0
B20: 566 | C20: Canola oilcake - Imported | D20: ==SUM(F20:L20) | E20: ==(D20/D111) | F20: 0 | G20: 0 | H20: 0 | I20: 0 | J20: 35 | K20: 30 | L20: 0
B21: 565 | C21: Canola oilcake - Local | D21: ==SUM(F21:L21) | E21: ==(D21/D111) | F21: 2306.8 | G21: 2246.3 | H21: 2647.28 | I21: 2876.48 | J21: 2868.01 | K21: 2537.75 | L21: 0
B22: 511 | C22: Carcass Meal | D22: ==SUM(F22:L22) | E22: ==(D22/D111) | F22: 0 | G22: 0 | H22: 0 | I22: 0 | J22: 0 | K22: 0 | L22: 0
B23: 525 | C23: Cassava meal | D23: ==SUM(F23:L23) | E23: ==(D23/D111) | F23: 0 | G23: 0 | H23: 0 | I23: 0 | J23: 0 | K23: 0 | L23: 0
B24: 700 | C24: Choline chloride | D24: ==SUM(F24:L24) | E24: ==(D24/D111) | F24: 14.9 | G24: 19.53 | H24: 14.75 | I24: 15.21 | J24: 18.86 | K24: 35.75 | L24: 0
B25: 526 | C25: Citrus meal | D25: ==SUM(F25:L25) | E25: ==(D25/D111) | F25: 82.3 | G25: 70.91 | H25: 116.69 | I25: 116.3 | J25: 118.09 | K25: 113.99 | L25: 0
B26: 563 | C26: CMS | D26: ==SUM(F26:L26) | E26: ==(D26/D111) | F26: 1055.15 | G26: 1012.3 | H26: 1052.18 | I26: 900.5 | J26: 2277.83 | K26: 1731.29 | L26: 0
B27: 582 | C27: Copra oilcake products | D27: ==SUM(F27:L27) | E27: ==(D27/D111) | F27: 16.24 | G27: 11.45 | H27: 1.53 | I27: 0 | J27: 0 | K27: 0 | L27: 0
B28: 568 | C28: Cotton Oilcake (Imported) | D28: ==SUM(F28:L28) | E28: ==(D28/D111) | F28: 893.98 | G28: 886.95 | H28: 851.57 | I28: 508.77 | J28: 1591.21 | K28: 1579.78 | L28: 0
B29: 567 | C29: Cotton Oilcake (Local) | D29: ==SUM(F29:L29) | E29: ==(D29/D111) | F29: 75 | G29: 164 | H29: 560.9 | I29: 164.2 | J29: 205 | K29: 196 | L29: 0
B30: 570 | C30: Cotton Seed (Imported) | D30: ==SUM(F30:L30) | E30: ==(D30/D111) | F30: 0 | G30: 0 | H30: 0 | I30: 0 | J30: 0 | K30: 0 | L30: 0
B31: 569 | C31: Cotton Seed (Local) | D31: ==SUM(F31:L31) | E31: ==(D31/D111) | F31: 673.48 | G31: 530.65 | H31: 570.1 | I31: 527.5 | J31: 601.95 | K31: 555.6 | L31: 0
B32: 549 | C32: Defatted Maize Germ | D32: ==SUM(F32:L32) | E32: ==(D32/D111) | F32: 987.76 | G32: 869.17 | H32: 887.05 | I32: 991.58 | J32: 981.89 | K32: 595.14 | L32: 0
B33: 552 | C33: Dicalcium Phosphate | D33: ==SUM(F33:L33) | E33: ==(D33/D111) | F33: 294.7 | G33: 142.58 | H33: 75.72 | I33: 120.1 | J33: 219.22 | K33: 213.63 | L33: 0
B34: 521 | C34: Fat / Vet (TALLOW) | D34: ==SUM(F34:L34) | E34: ==(D34/D111) | F34: 355.61 | G34: 153.86 | H34: 143.67 | I34: 126.6 | J34: 165.01 | K34: 198.38 | L34: 0
B35: 520 | C35: Feather Meal - Local | D35: ==SUM(F35:L35) | E35: ==(D35/D111) | F35: 1502.71 | G35: 948.47 | H35: 1414.49 | I35: 1488.75 | J35: 1571.88 | K35: 1638.05 | L35: 0
B36: 528 | C36: Feed Wheat | D36: ==SUM(F36:L36) | E36: ==(D36/D111) | F36: 41 | G36: 61 | H36: 52 | I36: 62 | J36: 76 | K36: 0 | L36: 0
B37: 572 | C37: Fish Meal (Imported) | D37: ==SUM(F37:L37) | E37: ==(D37/D111) | F37: 14.95 | G37: 23.3 | H37: 0 | I37: 13 | J37: 7 | K37: 11.7 | L37: 0
B38: 571 | C38: Fish Meal (Local) | D38: ==SUM(F38:L38) | E38: ==(D38/D111) | F38: 1096.74 | G38: 951.44 | H38: 1221.05 | I38: 1016.49 | J38: 1136.75 | K38: 1158.19 | L38: 0
B39: 529 | C39: Groundnut Hay | D39: ==SUM(F39:L39) | E39: ==(D39/D111) | F39: 55.99 | G39: 39.29 | H39: 98.59 | I39: 88.72 | J39: 250.89 | K39: 334 | L39: 0
B40: 574 | C40: Groundnut Oilcake (Imported) | D40: ==SUM(F40:L40) | E40: ==(D40/D111) | F40: 0 | G40: 0 | H40: 0 | I40: 0 | J40: 0 | K40: 0 | L40: 0
B41: 573 | C41: Groundnut Oilcake (Local) | D41: ==SUM(F41:L41) | E41: ==(D41/D111) | F41: 22.29 | G41: 0 | H41: 0 | I41: 0 | J41: 0 | K41: 0 | L41: 0
B42: 510 | C42: Hominy Chop | D42: ==SUM(F42:L42) | E42: ==(D42/D111) | F42: 8224.87 | G42: 9843.24 | H42: 11054.43 | I42: 10400.12 | J42: 10224.99 | K42: 8651.79 | L42: 0
B43: 530 | C43: Limestone Grit | D43: ==SUM(F43:L43) | E43: ==(D43/D111) | F43: 9045.94 | G43: 8226.41 | H43: 9451.55 | I43: 8551.76 | J43: 9612.29 | K43: 9375.38 | L43: 0
B44: 531 | C44: Limestone Powder | D44: ==SUM(F44:L44) | E44: ==(D44/D111) | F44: 9055.08 | G44: 8617.26 | H44: 9119.56 | I44: 8467.36 | J44: 9090.27 | K44: 8977.98 | L44: 0
B45: 532 | C45: Lucerne Hay | D45: ==SUM(F45:L45) | E45: ==(D45/D111) | F45: 1183.74 | G45: 1308.76 | H45: 1511.95 | I45: 1442.47 | J45: 1813.27 | K45: 1682.82 | L45: 0
B46: 533 | C46: Lucerne Meal / Lucerne Pellets | D46: ==SUM(F46:L46) | E46: ==(D46/D111) | F46: 1537.4 | G46: 1646.23 | H46: 1737.03 | I46: 1718.98 | J46: 1971.26 | K46: 1887.81 | L46: 0
B47: 583 | C47: Lupin Fullfat | D47: ==SUM(F47:L47) | E47: ==(D47/D111) | F47: 0 | G47: 0 | H47: 7 | I47: 0 | J47: 0 | K47: 0 | L47: 0
B48: 512 | C48: Lupin Meal | D48: ==SUM(F48:L48) | E48: ==(D48/D111) | F48: 976.03 | G48: 847.18 | H48: 916.61 | I48: 596.26 | J48: 711.73 | K48: 482.3 | L48: 0
B49: 559 | C49: Lysine | D49: ==SUM(F49:L49) | E49: ==(D49/D111) | F49: 1009.41 | G49: 934.65 | H49: 1098.93 | I49: 1008.66 | J49: 1097.6 | K49: 1009.38 | L49: 0
B50: 523 | C50: Maize (White) - Local | D50: ==SUM(F50:L50) | E50: ==(D50/D111) | F50: 170930.7 | G50: 157223.72 | H50: 175194.09 | I50: 155549.36 | J50: 156547.14 | K50: 152126.95 | L50: 0
B51: 617 | C51: Maize (Yellow) – Imported | D51: ==SUM(F51:L51) | E51: ==(D51/D111) | F51: 3083.85 | G51: 2728.53 | H51: 3393.19 | I51: 3113.9 | J51: 3373.1 | K51: 3191.17 | L51: 0
B52: 623 | C52: Maize (Yellow) - Local | D52: ==SUM(F52:L52) | E52: ==(D52/D111) | F52: 103151.74 | G52: 92456.45 | H52: 110873.69 | I52: 107108.3 | J52: 128282.1 | K52: 125870.18 | L52: 0
B53: 630 | C53: Maize Cooked | D53: ==SUM(F53:L53) | E53: ==(D53/D111) | F53: 0 | G53: 0 | H53: 0 | I53: 0 | J53: 0 | K53: 0 | L53: 0
B54: 548 | C54: Maize Germ | D54: ==SUM(F54:L54) | E54: ==(D54/D111) | F54: 470.16 | G54: 629.1 | H54: 597.18 | I54: 544.92 | J54: 670.31 | K54: 800.7 | L54: 0
B55: 550 | C55: Maize Germ Oilcake | D55: ==SUM(F55:L55) | E55: ==(D55/D111) | F55: 0 | G55: 0 | H55: 0 | I55: 0 | J55: 0 | K55: 0 | L55: 0
B56: 535 | C56: Maize Gluten Meal (20%) | D56: ==SUM(F56:L56) | E56: ==(D56/D111) | F56: 5562.15 | G56: 4956.77 | H56: 5816.67 | I56: 5694.4 | J56: 5925.61 | K56: 4339.78 | L56: 0
B57: 514 | C57: Maize Gluten Meal (60%) | D57: ==SUM(F57:L57) | E57: ==(D57/D111) | F57: 1021.46 | G57: 1197.16 | H57: 1537.25 | I57: 1531.77 | J57: 1472.55 | K57: 1338.58 | L57: 0
B58: 560 | C58: Maize Meal | D58: ==SUM(F58:L58) | E58: ==(D58/D111) | F58: 1399.06 | G58: 1576.18 | H58: 1714.15 | I58: 1549.68 | J58: 1570.95 | K58: 1422.94 | L58: 0
B59: 534 | C59: Maize Screenings | D59: ==SUM(F59:L59) | E59: ==(D59/D111) | F59: 732.65 | G59: 635.5 | H59: 653.78 | I59: 578.77 | J59: 720.38 | K59: 567.14 | L59: 0
B60: 519 | C60: Meat & Bone Meal | D60: ==SUM(F60:L60) | E60: ==(D60/D111) | F60: 103 | G60: 0 | H60: 0 | I60: 0 | J60: 0 | K60: 0 | L60: 0
B61: 624 | C61: Meat and Bone Meal (bovine) - Imported | D61: ==SUM(F61:L61) | E61: ==(D61/D111) | F61: 0 | G61: 0 | H61: 0 | I61: 0 | J61: 0 | K61: 0 | L61: 0
B62: 625 | C62: Meat and Bone Meal (bovine) - Local | D62: ==SUM(F62:L62) | E62: ==(D62/D111) | F62: 14.79 | G62: 10 | H62: 13.2 | I62: 1.2 | J62: 13 | K62: 16.1 | L62: 0
B63: 622 | C63: Meat and Bone Meal (ovine) - Imported | D63: ==SUM(F63:L63) | E63: ==(D63/D111) | F63: 0 | G63: 0 | H63: 0 | I63: 0 | J63: 0 | K63: 0 | L63: 0
B64: 629 | C64: Meat and Bone Meal (ovine) - Local | D64: ==SUM(F64:L64) | E64: ==(D64/D111) | F64: 0 | G64: 0 | H64: 0 | I64: 0 | J64: 0 | K64: 0 | L64: 0
B65: 612 | C65: Meat and Bone Meal (porcine) - Imported | D65: ==SUM(F65:L65) | E65: ==(D65/D111) | F65: 65.48 | G65: 52.6 | H65: 64 | I65: 14 | J65: 15.5 | K65: 23.8 | L65: 0
B66: 611 | C66: Meat and Bone Meal (porcine) - Local | D66: ==SUM(F66:L66) | E66: ==(D66/D111) | F66: 0 | G66: 2.66 | H66: 0 | I66: 5.79 | J66: 0.97 | K66: 0 | L66: 0
B67: 561 | C67: Medicaments | D67: ==SUM(F67:L67) | E67: ==(D67/D111) | F67: 1121.05 | G67: 1020.94 | H67: 1195.47 | I67: 1118.06 | J67: 1176.23 | K67: 1215.67 | L67: 0
B68: 562 | C68: Methionine | D68: ==SUM(F68:L68) | E68: ==(D68/D111) | F68: 881.5 | G68: 818.92 | H68: 940.7 | I68: 832.2 | J68: 897.53 | K68: 925.14 | L68: 0
B69: 631 | C69: Minerals (not listed) | D69: ==SUM(F69:L69) | E69: ==(D69/D111) | F69: 162.74 | G69: 558.8 | H69: 747.02 | I69: 234.27 | J69: 546.94 | K69: 171.93 | L69: 0
B70: 536 | C70: Molasses | D70: ==SUM(F70:L70) | E70: ==(D70/D111) | F70: 20914.48 | G70: 23522.24 | H70: 28101.66 | I70: 18598.86 | J70: 26343.89 | K70: 31800.27 | L70: 0
B71: 615 | C71: Monoammonium phosphate | D71: ==SUM(F71:L71) | E71: ==(D71/D111) | F71: 141.76 | G71: 12.53 | H71: 15.02 | I71: 0.01 | J71: 33.06 | K71: 100.1 | L71: 0
B72: 537 | C72: Monocalcium Phosphate | D72: ==SUM(F72:L72) | E72: ==(D72/D111) | F72: 4152.23 | G72: 3775.03 | H72: 3599.89 | I72: 2682.89 | J72: 3237.78 | K72: 3063.35 | L72: 0
B73: 538 | C73: Oats | D73: ==SUM(F73:L73) | E73: ==(D73/D111) | F73: 126.22 | G73: 171.42 | H73: 223.86 | I73: 388.18 | J73: 409.9 | K73: 411.9 | L73: 0
B74: 598 | C74: Other Raw Material | D74: ==SUM(F74:L74) | E74: ==(D74/D111) | F74: 6932.85 | G74: 3898.55 | H74: 6705.06 | I74: 4853.39 | J74: 6618.4 | K74: 7394.83 | L74: 0
B75: 580 | C75: Palm Kernel Oilcake | D75: ==SUM(F75:L75) | E75: ==(D75/D111) | F75: 223.05 | G75: 258.32 | H75: 241.69 | I75: 206.26 | J75: 253.76 | K75: 469.41 | L75: 0
B76: 539 | C76: Plant Oil | D76: ==SUM(F76:L76) | E76: ==(D76/D111) | F76: 84.59 | G76: 107.8 | H76: 168.83 | I76: 172.7 | J76: 102.77 | K76: 174.01 | L76: 0
B77: 515 | C77: Poultry By-Product meal - Local | D77: ==SUM(F77:L77) | E77: ==(D77/D111) | F77: 4041.43 | G77: 3630.51 | H77: 4612.72 | I77: 3847.67 | J77: 3878.92 | K77: 4836.04 | L77: 0
B78: 627 | C78: Poultry Meal - Imported | D78: ==SUM(F78:L78) | E78: ==(D78/D111) | F78: 12.06 | G78: 35.96 | H78: 35.1 | I78: 11.17 | J78: 22.28 | K78: 42.68 | L78: 0
B79: 626 | C79: Poultry Meal - Local | D79: ==SUM(F79:L79) | E79: ==(D79/D111) | F79: 282.42 | G79: 198.93 | H79: 246.02 | I79: 320.06 | J79: 354.52 | K79: 84.18 | L79: 0
B80: 556 | C80: Premixes | D80: ==SUM(F80:L80) | E80: ==(D80/D111) | F80: 3297.56 | G80: 3641.85 | H80: 4393.72 | I80: 4028.19 | J80: 4296.93 | K80: 3966.39 | L80: 0
B81: 605 | C81: Remix/Reworks | D81: ==SUM(F81:L81) | E81: ==(D81/D111) | F81: 2041.27 | G81: 1578.16 | H81: 2137.3 | I81: 1717.88 | J81: 1953.42 | K81: 2072 | L81: 0
B82: 603 | C82: Rice | D82: ==SUM(F82:L82) | E82: ==(D82/D111) | F82: 0 | G82: 0 | H82: 0 | I82: 0 | J82: 0 | K82: 0 | L82: 0
B83: 546 | C83: Rice Bran | D83: ==SUM(F83:L83) | E83: ==(D83/D111) | F83: 401.01 | G83: 260.64 | H83: 312.29 | I83: 283.91 | J83: 232.02 | K83: 180.12 | L83: 0
B84: 540 | C84: Salt | D84: ==SUM(F84:L84) | E84: ==(D84/D111) | F84: 4251.53 | G84: 5511.3 | H84: 6329.21 | I84: 4755.23 | J84: 6977.76 | K84: 6240.81 | L84: 0
B85: 545 | C85: Shell Grit | D85: ==SUM(F85:L85) | E85: ==(D85/D111) | F85: 147 | G85: 138 | H85: 167 | I85: 164 | J85: 186 | K85: 177 | L85: 0
B86: 555 | C86: Sodium Bicarbonate | D86: ==SUM(F86:L86) | E86: ==(D86/D111) | F86: 512.93 | G86: 478.52 | H86: 545.21 | I86: 798.78 | J86: 554.42 | K86: 544.01 | L86: 0
B87: 508 | C87: Sorghum | D87: ==SUM(F87:L87) | E87: ==(D87/D111) | F87: 47.12 | G87: 30.87 | H87: 30.08 | I87: 34.6 | J87: 37.75 | K87: 29.32 | L87: 0
B88: 602 | C88: Soya Beans | D88: ==SUM(F88:L88) | E88: ==(D88/D111) | F88: 365.13 | G88: 364.58 | H88: 364.58 | I88: 365.29 | J88: 364.58 | K88: 364.58 | L88: 0
B89: 522 | C89: Soya Fullfat | D89: ==SUM(F89:L89) | E89: ==(D89/D111) | F89: 11528.27 | G89: 11255.04 | H89: 10634.82 | I89: 9469.21 | J89: 10238.12 | K89: 11613.24 | L89: 0
B90: 601 | C90: Soya Hulls | D90: ==SUM(F90:L90) | E90: ==(D90/D111) | F90: 2457.03 | G90: 3413.67 | H90: 3272.55 | I90: 2941.56 | J90: 3064.28 | K90: 2419.97 | L90: 0
B91: 628 | C91: Soya Oil | D91: ==SUM(F91:L91) | E91: ==(D91/D111) | F91: 1454.45 | G91: 1165.83 | H91: 1273.17 | I91: 937.7 | J91: 2848.19 | K91: 2787.64 | L91: 0
B92: 576 | C92: Soya Oilcake (Imported) | D92: ==SUM(F92:L92) | E92: ==(D92/D111) | F92: 32576.51 | G92: 28551.42 | H92: 29342.28 | I92: 28414.53 | J92: 27904.15 | K92: 24675.41 | L92: 0
B93: 575 | C93: Soya Oilcake (Local) | D93: ==SUM(F93:L93) | E93: ==(D93/D111) | F93: 52923.6 | G93: 50644.26 | H93: 61148.5 | I93: 51829.5 | J93: 58240.64 | K93: 60368.59 | L93: 0
B94: 554 | C94: Sterilised Poultry Manure | D94: ==SUM(F94:L94) | E94: ==(D94/D111) | F94: 0 | G94: 0 | H94: 0 | I94: 0 | J94: 0 | K94: 0 | L94: 0
B95: 541 | C95: Sunflower Hulls | D95: ==SUM(F95:L95) | E95: ==(D95/D111) | F95: 498.29 | G95: 463.74 | H95: 595.66 | I95: 627.37 | J95: 962.13 | K95: 616.8 | L95: 0
B96: 578 | C96: Sunflower Oilcake (Imported) | D96: ==SUM(F96:L96) | E96: ==(D96/D111) | F96: 6479.11 | G96: 5493.99 | H96: 6108.65 | I96: 4764.87 | J96: 3459.4 | K96: 2685.14 | L96: 0
B97: 577 | C97: Sunflower Oilcake (Local) | D97: ==SUM(F97:L97) | E97: ==(D97/D111) | F97: 11890.74 | G97: 11497.61 | H97: 14350.59 | I97: 15033.57 | J97: 18619.36 | K97: 19508.82 | L97: 0
B98: 581 | C98: Sunflower Seed | D98: ==SUM(F98:L98) | E98: ==(D98/D111) | F98: 11.41 | G98: 12.76 | H98: 10.02 | I98: 10.91 | J98: 10.63 | K98: 8.29 | L98: 0
B99: 609 | C99: Teff Hay | D99: ==SUM(F99:L99) | E99: ==(D99/D111) | F99: 307.49 | G99: 286.56 | H99: 273.3 | I99: 274.34 | J99: 365.17 | K99: 1.99 | L99: 0
B100: 584 | C100: Threonine | D100: ==SUM(F100:L100) | E100: ==(D100/D111) | F100: 274.92 | G100: 252.86 | H100: 287.55 | I100: 257.72 | J100: 275.5 | K100: 284.9 | L100: 0
B101: 547 | C101: Triticale | D101: ==SUM(F101:L101) | E101: ==(D101/D111) | F101: 0 | G101: 0 | H101: 0 | I101: 0 | J101: 0 | K101: 0 | L101: 0
...

Sheet Raw Material Usage
B2: AFMA - RAW MATERIAL USAGE JAN 2022 - JUL 2022
B4: OILCAKE USAGE | C4: OILCAKE USAGE | D4: OILCAKE USAGE | E4: OILCAKE USAGE | F4: OILCAKE USAGE | G4: OILCAKE USAGE
B6: 2022/2022 | C6: 2022/2022 | D6: 2022/2022 | F6: 2021/2021 | G6: 2021/2021
B8: RAW MATERIAL | C8: TONS | D8: % MAKEUP IN FEEDS | F8: TONS | G8: % MAKEUP IN FEEDS
B9: Canola Oilcake | C9: 15548 | D9: =C9/'Raw Material Statistics'!D111 | F9: 19413 | G9: =F9/'Raw Material Statistics'!D111
B10: Copra and Palm Kernel | C10: 1682 | D10: =C10/'Raw Material Statistics'!D111 | F10: 2904 | G10: =F10/'Raw Material Statistics'!D111
B11: Cotton Oilcake | C11: 7677 | D11: =C11/'Raw Material Statistics'!D111 | F11: 2344 | G11: =F11/'Raw Material Statistics'!D111
B12: Fullfat Canola | C12: 64 | D12: =C12/'Raw Material Statistics'!D111 | F12: 211 | G12: =F12/'Raw Material Statistics'!D111
B13: Fullfat Cotton | C13: 3459 | D13: =C13/'Raw Material Statistics'!D111 | F13: 3560 | G13: =F13/'Raw Material Statistics'!D111
B14: Fullfat Soya | C14: 64739 | D14: =C14/'Raw Material Statistics'!D111 | F14: 60258 | G14: =F14/'Raw Material Statistics'!D111
B15: Groundnut Oilcake | C15: 22 | D15: =C15/'Raw Material Statistics'!D111 | F15: 0 | G15: =F15/'Raw Material Statistics'!D111
B16: Maize Germ Oilcake | C16: 0 | D16: =C16/'Raw Material Statistics'!D111 | F16: 1739 | G16: =F16/'Raw Material Statistics'!D111
B17: Soya Oilcake | C17: 506619 | D17: =C17/'Raw Material Statistics'!D111 | F17: 609126 | G17: =F17/'Raw Material Statistics'!D111
B18: Sunflower Oilcake | C18: 119892 | D18: =C18/'Raw Material Statistics'!D111 | F18: 138391 | G18: =F18/'Raw Material Statistics'!D111
B19: TOTAL OILCAKE USED (TONS) | C19: ==SUM(C9:C18) | D19: ==SUM(D9:D18) | F19: ==SUM(F9:F18) | G19: ==SUM(G9:G18)
B22: MAIZE USAGE | C22: MAIZE USAGE | D22: MAIZE USAGE | E22: MAIZE USAGE | F22: MAIZE USAGE | G22: MAIZE USAGE
B24: 2022/2022 | C24: 2022/2022 | D24: 2022/2022 | F24: 2021/2021 | G24: 2021/2021
B26: RAW MATERIAL | C26: TONS | D26: % MAKEUP IN FEEDS | F26: TONS | G26: % MAKEUP IN FEEDS
B27: Defatted Maize Germ Meal | C27: 5313 | D27: =C27/'Raw Material Statistics'!D111 | F27: 6394 | G27: =F27/'Raw Material Statistics'!D111
B28: Hominy Chop | C28: 58399 | D28: =C28/'Raw Material Statistics'!D111 | F28: 68653 | G28: =F28/'Raw Material Statistics'!D111
B29: Maize | C29: 1654198 | D29: =C29/'Raw Material Statistics'!D111 | F29: 1940927 | G29: =F29/'Raw Material Statistics'!D111
B30: Maize Germ Meal | C30: 3712 | D30: =C30/'Raw Material Statistics'!D111 | F30: 18454 | G30: =F30/'Raw Material Statistics'!D111
B31: Maize Germ Oilcake | C31: 0 | D31: =C31/'Raw Material Statistics'!D111 | F31: 1739 | G31: =F31/'Raw Material Statistics'!D111
B32: Maize Gluten Meal (20%) | C32: 32295 | D32: =C32/'Raw Material Statistics'!D111 | F32: 38569 | G32: =F32/'Raw Material Statistics'!D111
B33: Maize Gluten Meal (60%) | C33: 8099 | D33: =C33/'Raw Material Statistics'!D111 | F33: 6690 | G33: =F33/'Raw Material Statistics'!D111
B34: Maize Meal | C34: 9233 | D34: =C34/'Raw Material Statistics'!D111 | F34: 7327 | G34: =F34/'Raw Material Statistics'!D111
B35: Maize Screenings | C35: 3888 | D35: =C35/'Raw Material Statistics'!D111 | F35: 4369 | G35: =F35/'Raw Material Statistics'!D111
B36: TOTAL MAIZE USED (TONS) | C36: ==SUM(C27:C35) | D36: ==SUM(D27:D35) | F36: ==SUM(F27:F35) | G36: ==SUM(G27:G35)
B38: RAW MATERIAL USAGE AND FEED PRODUCTION | C38: RAW MATERIAL USAGE AND FEED PRODUCTION | D38: RAW MATERIAL USAGE AND FEED PRODUCTION
B39: MAIZE PRODUCT USAGE | C39: ==C36 | D39: ==D36
B40: FISHMEAL USAGE | C40: 6651 | D40: =(C40/'Raw Material Statistics'!D111)
B41: OILCAKE USAGE | C41: ==C19 | D41: ==D19
B42: TOTAL FEED SALES | C42: ='Feedsales Statistics'!N113
